USE [master]; 
GO 
/****** Object: Database [MusicStore] Script Date: 3/12/2021 9:25:52 AM ******/ CREATE DATABASE [MusicStore]; 
GO
USE [MusicStore]; 
GO
/****** Object: Table [dbo].[Album] Script Date: 3/12/2021 9:25:52 AM ******/ SET ANSI_NULLS ON; SET QUOTED_IDENTIFIER ON; CREATE TABLE [dbo].[Album]( [albumId] [char](5) NOT NULL, [artistId] [char](5) NOT NULL, [albumName] [varchar](35) NOT NULL, [releaseDate] [date] NOT NULL, [price] [int] NOT NULL, PRIMARY KEY CLUSTERED( [albumId] ASC)WITH (PAD_INDEX = OFF, STATISTICS_NORECOMPUTE = OFF, IGNORE_DUP_KEY = OFF, ALLOW_ROW_LOCKS = ON, ALLOW_PAGE_LOCKS = ON, OPTIMIZE_FOR_SEQUENTIAL_KEY = OFF) ON [PRIMARY] ) ON [PRIMARY]; /****** Object: Table [dbo].[Artist] Script Date: 3/12/2021 9:25:52 AM ******/ SET ANSI_NULLS ON; SET QUOTED_IDENTIFIER ON; CREATE TABLE [dbo].[Artist]( [artistId] [char](5) NOT NULL, [artistName] [varchar](70) NOT NULL, [artistDOB] [date] NOT NULL, [website] [varchar](100) NOT NULL, PRIMARY KEY CLUSTERED ( [artistId] ASC )WITH (PAD_INDEX = OFF, STATISTICS_NORECOMPUTE = OFF, IGNORE_DUP_KEY = OFF, ALLOW_ROW_LOCKS = ON, ALLOW_PAGE_LOCKS = ON, OPTIMIZE_FOR_SEQUENTIAL_KEY = OFF) ON [PRIMARY] ) ON [PRIMARY]; /****** Object: Table [dbo].[DetailTransaction] Script Date: 3/12/2021 9:25:52 AM ******/ SET ANSI_NULLS ON; SET QUOTED_IDENTIFIER ON; CREATE TABLE [dbo].[DetailTransaction]( [detailTransactionId] [char](5) NOT NULL, [transactionId] [char](5) NOT NULL, [albumId] [char](5) NOT NULL, [quantity] [int] NOT NULL, PRIMARY KEY CLUSTERED ( [detailTransactionId] ASC )WITH (PAD_INDEX = OFF, STATISTICS_NORECOMPUTE = OFF, IGNORE_DUP_KEY = OFF, ALLOW_ROW_LOCKS = ON, ALLOW_PAGE_LOCKS = ON, OPTIMIZE_FOR_SEQUENTIAL_KEY = OFF) ON [PRIMARY] ) ON [PRIMARY]; /****** Object: Table [dbo].[HeaderTransaction] Script Date: 3/12/2021 9:25:52 AM ******/ SET ANSI_NULLS ON; SET QUOTED_IDENTIFIER ON; CREATE TABLE [dbo].[HeaderTransaction]( [transactionId] [char](5) NOT NULL, [staffId] [char](5) NOT NULL, [transactionDate] [date] NOT NULL, PRIMARY KEY CLUSTERED ( [transactionId] ASC )WITH (PAD_INDEX = OFF, STATISTICS_NORECOMPUTE = OFF, IGNORE_DUP_KEY = OFF, ALLOW_ROW_LOCKS = ON, ALLOW_PAGE_LOCKS = ON, OPTIMIZE_FOR_SEQUENTIAL_KEY = OFF) ON [PRIMARY] ) ON [PRIMARY]; /****** Object: Table [dbo].[Single] Script Date: 3/12/2021 9:25:52 AM ******/ SET ANSI_NULLS ON; SET QUOTED_IDENTIFIER ON; CREATE TABLE [dbo].[Single]( [singleId] [char](5) NOT NULL, [albumId] [char](5) NOT NULL, [singleName] [varchar](35) NOT NULL, [genre] [varchar](35) NOT NULL, [duration] [varchar](5) NOT NULL, PRIMARY KEY CLUSTERED ( [singleId] ASC )WITH (PAD_INDEX = OFF, STATISTICS_NORECOMPUTE = OFF, IGNORE_DUP_KEY = OFF, ALLOW_ROW_LOCKS = ON, ALLOW_PAGE_LOCKS = ON, OPTIMIZE_FOR_SEQUENTIAL_KEY = OFF) ON [PRIMARY] ) ON [PRIMARY]; /****** Object: Table [dbo].[Staff] Script Date: 3/12/2021 9:25:52 AM ******/ SET ANSI_NULLS ON; SET QUOTED_IDENTIFIER ON; CREATE TABLE [dbo].[Staff]( [staffId] [char](5) NOT NULL, [staffName] [varchar](70) NOT NULL, [staffDOB] [date] NOT NULL, [staffEmail] [varchar](254) NOT NULL, [staffPassword] [varchar](128) NOT NULL, PRIMARY KEY CLUSTERED ( [staffId] ASC )WITH (PAD_INDEX = OFF, STATISTICS_NORECOMPUTE = OFF, IGNORE_DUP_KEY = OFF, ALLOW_ROW_LOCKS = ON, ALLOW_PAGE_LOCKS = ON, OPTIMIZE_FOR_SEQUENTIAL_KEY = OFF) ON [PRIMARY] ) ON [PRIMARY]; INSERT [dbo].[Album] ([albumId], [artistId], [albumName], [releaseDate], [price]) VALUES (N'AL001', N'AR001', N'Nine Track Mind', CAST(N'2016-01-29' AS Date), 150000); INSERT [dbo].[Album] ([albumId], [artistId], [albumName], [releaseDate], [price]) VALUES (N'AL002', N'AR002', N'Next To Me', CAST(N'2015-05-08' AS Date), 21000); INSERT [dbo].[Album] ([albumId], [artistId], [albumName], [releaseDate], [price]) VALUES (N'AL003', N'AR003', N'Red // Blue', CAST(N'2016-12-02' AS Date), 128000); INSERT [dbo].[Album] ([albumId], [artistId], [albumName], [releaseDate], [price]) VALUES (N'AL004', N'AR004', N'Singles', CAST(N'2015-09-25' AS Date), 150000); INSERT [dbo].[Album] ([albumId], [artistId], [albumName], [releaseDate], [price]) VALUES (N'AL005', N'AR004', N'V', CAST(N'2014-08-29' AS Date), 150000); INSERT [dbo].[Album] ([albumId], [artistId], [albumName], [releaseDate], [price]) VALUES (N'AL006', N'AR005', N'Oh My My', CAST(N'2016-10-07' AS Date), 185000); INSERT [dbo].[Album] ([albumId], [artistId], [albumName], [releaseDate], [price]) VALUES (N'AL007', N'AR005', N'Native', CAST(N'2013-03-22' AS Date), 150000); INSERT [dbo].[Album] ([albumId], [artistId], [albumName], [releaseDate], [price]) VALUES (N'AL008', N'AR006', N'25', CAST(N'2015-11-20' AS Date), 210000); INSERT [dbo].[Album] ([albumId], [artistId], [albumName], [releaseDate], [price]) VALUES (N'AL009', N'AR007', N'This Is Acting', CAST(N'2016-01-29' AS Date), 170000); INSERT [dbo].[Album] ([albumId], [artistId], [albumName], [releaseDate], [price]) VALUES (N'AL010', N'AR008', N'Taranta Project', CAST(N'2015-05-01' AS Date), 380000); INSERT [dbo].[Artist] ([artistId], [artistName], [artistDOB], [website]) VALUES (N'AR001', N'Charlie Puth', CAST(N'1991-12-02' AS Date), N'charlieputh.com'); INSERT [dbo].[Artist] ([artistId], [artistName], [artistDOB], [website]) VALUES (N'AR002', N'Otto Knows', CAST(N'1989-05-06' AS Date), N'ottoknows.com'); INSERT [dbo].[Artist] ([artistId], [artistName], [artistDOB], [website]) VALUES (N'AR003', N'Adventure Club', CAST(N'2011-01-01' AS Date), N'weareadventureclub.com'); INSERT [dbo].[Artist] ([artistId], [artistName], [artistDOB], [website]) VALUES (N'AR004', N'Maroon 5', CAST(N'1994-01-01' AS Date), N'maroon5.com'); INSERT [dbo].[Artist] ([artistId], [artistName], [artistDOB], [website]) VALUES (N'AR005', N'OneRepublic', CAST(N'1996-01-01' AS Date), N'onerepublic.com'); INSERT [dbo].[Artist] ([artistId], [artistName], [artistDOB], [website]) VALUES (N'AR006', N'Adele', CAST(N'1988-05-05' AS Date), N'adele.com'); INSERT [dbo].[Artist] ([artistId], [artistName], [artistDOB], [website]) VALUES (N'AR007', N'Sia', CAST(N'1975-12-18' AS Date), N'siamusic.net'); INSERT [dbo].[Artist] ([artistId], [artistName], [artistDOB], [website]) VALUES (N'AR008', N'Ludovico Einaudi', CAST(N'1955-11-23' AS Date), N'ludovicoeinaudi.com'); INSERT [dbo].[DetailTransaction] ([detailTransactionId], [transactionId], [albumId], [quantity]) VALUES (N'DT001', N'HT001', N'AL003', 4); INSERT [dbo].[DetailTransaction] ([detailTransactionId], [transactionId], [albumId], [quantity]) VALUES (N'DT002', N'HT001', N'AL002', 2); INSERT [dbo].[DetailTransaction] ([detailTransactionId], [transactionId], [albumId], [quantity]) VALUES (N'DT003', N'HT001', N'AL006', 3); INSERT [dbo].[DetailTransaction] ([detailTransactionId], [transactionId], [albumId], [quantity]) VALUES (N'DT004', N'HT001', N'AL004', 1); INSERT [dbo].[DetailTransaction] ([detailTransactionId], [transactionId], [albumId], [quantity]) VALUES (N'DT005', N'HT001', N'AL001', 1); INSERT [dbo].[DetailTransaction] ([detailTransactionId], [transactionId], [albumId], [quantity]) VALUES (N'DT006', N'HT001', N'AL010', 4); INSERT [dbo].[DetailTransaction] ([detailTransactionId], [transactionId], [albumId], [quantity]) VALUES (N'DT007', N'HT001', N'AL007', 5); INSERT [dbo].[DetailTransaction] ([detailTransactionId], [transactionId], [albumId], [quantity]) VALUES (N'DT008', N'HT002', N'AL010', 3); INSERT [dbo].[DetailTransaction] ([detailTransactionId], [transactionId], [albumId], [quantity]) VALUES (N'DT009', N'HT003', N'AL009', 2); INSERT [dbo].[DetailTransaction] ([detailTransactionId], [transactionId], [albumId], [quantity]) VALUES (N'DT010', N'HT004', N'AL003', 5); INSERT [dbo].[DetailTransaction] ([detailTransactionId], [transactionId], [albumId], [quantity]) VALUES (N'DT011', N'HT004', N'AL007', 3); INSERT [dbo].[DetailTransaction] ([detailTransactionId], [transactionId], [albumId], [quantity]) VALUES (N'DT012', N'HT004', N'AL008', 5); INSERT [dbo].[DetailTransaction] ([detailTransactionId], [transactionId], [albumId], [quantity]) VALUES (N'DT013', N'HT004', N'AL004', 5); INSERT [dbo].[DetailTransaction] ([detailTransactionId], [transactionId], [albumId], [quantity]) VALUES (N'DT014', N'HT004', N'AL005', 2); INSERT [dbo].[DetailTransaction] ([detailTransactionId], [transactionId], [albumId], [quantity]) VALUES (N'DT015', N'HT004', N'AL002', 3); INSERT [dbo].[DetailTransaction] ([detailTransactionId], [transactionId], [albumId], [quantity]) VALUES (N'DT016', N'HT004', N'AL009', 3); INSERT [dbo].[DetailTransaction] ([detailTransactionId], [transactionId], [albumId], [quantity]) VALUES (N'DT017', N'HT004', N'AL001', 2); INSERT [dbo].[DetailTransaction] ([detailTransactionId], [transactionId], [albumId], [quantity]) VALUES (N'DT018', N'HT005', N'AL010', 2); INSERT [dbo].[DetailTransaction] ([detailTransactionId], [transactionId], [albumId], [quantity]) VALUES (N'DT019', N'HT005', N'AL005', 2); INSERT [dbo].[DetailTransaction] ([detailTransactionId], [transactionId], [albumId], [quantity]) VALUES (N'DT020', N'HT005', N'AL006', 1); INSERT [dbo].[DetailTransaction] ([detailTransactionId], [transactionId], [albumId], [quantity]) VALUES (N'DT021', N'HT005', N'AL004', 4); INSERT [dbo].[DetailTransaction] ([detailTransactionId], [transactionId], [albumId], [quantity]) VALUES (N'DT022', N'HT005', N'AL002', 5); INSERT [dbo].[DetailTransaction] ([detailTransactionId], [transactionId], [albumId], [quantity]) VALUES (N'DT023', N'HT005', N'AL008', 5); INSERT [dbo].[DetailTransaction] ([detailTransactionId], [transactionId], [albumId], [quantity]) VALUES (N'DT024', N'HT005', N'AL003', 1); INSERT [dbo].[DetailTransaction] ([detailTransactionId], [transactionId], [albumId], [quantity]) VALUES (N'DT025', N'HT005', N'AL009', 3); INSERT [dbo].[DetailTransaction] ([detailTransactionId], [transactionId], [albumId], [quantity]) VALUES (N'DT026', N'HT006', N'AL003', 2); INSERT [dbo].[DetailTransaction] ([detailTransactionId], [transactionId], [albumId], [quantity]) VALUES (N'DT027', N'HT006', N'AL008', 4); INSERT [dbo].[DetailTransaction] ([detailTransactionId], [transactionId], [albumId], [quantity]) VALUES (N'DT028', N'HT007', N'AL005', 4); INSERT [dbo].[DetailTransaction] ([detailTransactionId], [transactionId], [albumId], [quantity]) VALUES (N'DT029', N'HT007', N'AL001', 4); INSERT [dbo].[DetailTransaction] ([detailTransactionId], [transactionId], [albumId], [quantity]) VALUES (N'DT030', N'HT007', N'AL009', 2); INSERT [dbo].[DetailTransaction] ([detailTransactionId], [transactionId], [albumId], [quantity]) VALUES (N'DT031', N'HT007', N'AL003', 3); INSERT [dbo].[DetailTransaction] ([detailTransactionId], [transactionId], [albumId], [quantity]) VALUES (N'DT032', N'HT007', N'AL006', 3); INSERT [dbo].[DetailTransaction] ([detailTransactionId], [transactionId], [albumId], [quantity]) VALUES (N'DT033', N'HT007', N'AL002', 2); INSERT [dbo].[DetailTransaction] ([detailTransactionId], [transactionId], [albumId], [quantity]) VALUES (N'DT034', N'HT007', N'AL010', 4); INSERT [dbo].[DetailTransaction] ([detailTransactionId], [transactionId], [albumId], [quantity]) VALUES (N'DT035', N'HT008', N'AL002', 3); INSERT [dbo].[DetailTransaction] ([detailTransactionId], [transactionId], [albumId], [quantity]) VALUES (N'DT036', N'HT008', N'AL003', 1); INSERT [dbo].[DetailTransaction] ([detailTransactionId], [transactionId], [albumId], [quantity]) VALUES (N'DT037', N'HT008', N'AL006', 1); INSERT [dbo].[DetailTransaction] ([detailTransactionId], [transactionId], [albumId], [quantity]) VALUES (N'DT038', N'HT008', N'AL005', 3); INSERT [dbo].[DetailTransaction] ([detailTransactionId], [transactionId], [albumId], [quantity]) VALUES (N'DT039', N'HT009', N'AL002', 4); INSERT [dbo].[DetailTransaction] ([detailTransactionId], [transactionId], [albumId], [quantity]) VALUES (N'DT040', N'HT009', N'AL009', 5); INSERT [dbo].[DetailTransaction] ([detailTransactionId], [transactionId], [albumId], [quantity]) VALUES (N'DT041', N'HT009', N'AL005', 1); INSERT [dbo].[DetailTransaction] ([detailTransactionId], [transactionId], [albumId], [quantity]) VALUES (N'DT042', N'HT009', N'AL007', 1); INSERT [dbo].[DetailTransaction] ([detailTransactionId], [transactionId], [albumId], [quantity]) VALUES (N'DT043', N'HT009', N'AL001', 5); INSERT [dbo].[DetailTransaction] ([detailTransactionId], [transactionId], [albumId], [quantity]) VALUES (N'DT044', N'HT009', N'AL003', 3); INSERT [dbo].[DetailTransaction] ([detailTransactionId], [transactionId], [albumId], [quantity]) VALUES (N'DT045', N'HT010', N'AL001', 5); INSERT [dbo].[DetailTransaction] ([detailTransactionId], [transactionId], [albumId], [quantity]) VALUES (N'DT046', N'HT010', N'AL004', 2); INSERT [dbo].[DetailTransaction] ([detailTransactionId], [transactionId], [albumId], [quantity]) VALUES (N'DT047', N'HT010', N'AL008', 4); INSERT [dbo].[DetailTransaction] ([detailTransactionId], [transactionId], [albumId], [quantity]) VALUES (N'DT048', N'HT010', N'AL005', 1); INSERT [dbo].[DetailTransaction] ([detailTransactionId], [transactionId], [albumId], [quantity]) VALUES (N'DT049', N'HT010', N'AL010', 3); INSERT [dbo].[DetailTransaction] ([detailTransactionId], [transactionId], [albumId], [quantity]) VALUES (N'DT050', N'HT010', N'AL002', 2); INSERT [dbo].[HeaderTransaction] ([transactionId], [staffId], [transactionDate]) VALUES (N'HT001', N'ST003', CAST(N'2017-01-02' AS Date)); INSERT [dbo].[HeaderTransaction] ([transactionId], [staffId], [transactionDate]) VALUES (N'HT002', N'ST003', CAST(N'2017-01-05' AS Date)); INSERT [dbo].[HeaderTransaction] ([transactionId], [staffId], [transactionDate]) VALUES (N'HT003', N'ST001', CAST(N'2017-01-24' AS Date)); INSERT [dbo].[HeaderTransaction] ([transactionId], [staffId], [transactionDate]) VALUES (N'HT004', N'ST002', CAST(N'2017-02-09' AS Date)); INSERT [dbo].[HeaderTransaction] ([transactionId], [staffId], [transactionDate]) VALUES (N'HT005', N'ST002', CAST(N'2017-02-21' AS Date)); INSERT [dbo].[HeaderTransaction] ([transactionId], [staffId], [transactionDate]) VALUES (N'HT006', N'ST001', CAST(N'2017-02-22' AS Date)); INSERT [dbo].[HeaderTransaction] ([transactionId], [staffId], [transactionDate]) VALUES (N'HT007', N'ST005', CAST(N'2017-02-23' AS Date)); INSERT [dbo].[HeaderTransaction] ([transactionId], [staffId], [transactionDate]) VALUES (N'HT008', N'ST004', CAST(N'2017-02-28' AS Date)); INSERT [dbo].[HeaderTransaction] ([transactionId], [staffId], [transactionDate]) VALUES (N'HT009', N'ST005', CAST(N'2017-03-02' AS Date)); INSERT [dbo].[HeaderTransaction] ([transactionId], [staffId], [transactionDate]) VALUES (N'HT010', N'ST001', CAST(N'2017-03-17' AS Date)); INSERT [dbo].[Single] ([singleId], [albumId], [singleName], [genre], [duration]) VALUES (N'SN001', N'AL001', N'One Call Away', N'Rock', N'3:14'); INSERT [dbo].[Single] ([singleId], [albumId], [singleName], [genre], [duration]) VALUES (N'SN002', N'AL001', N'Dangerously', N'Hip hop', N'3:19'); INSERT [dbo].[Single] ([singleId], [albumId], [singleName], [genre], [duration]) VALUES (N'SN003', N'AL001', N'Marvin Gaye', N'Country', N'3:10'); INSERT [dbo].[Single] ([singleId], [albumId], [singleName], [genre], [duration]) VALUES (N'SN004', N'AL001', N'Losing My Mind', N'Blues', N'3:32'); INSERT [dbo].[Single] ([singleId], [albumId], [singleName], [genre], [duration]) VALUES (N'SN005', N'AL001', N'We Don''t Talk Anymore', N'Caribbean', N'3:37'); INSERT [dbo].[Single] ([singleId], [albumId], [singleName], [genre], [duration]) VALUES (N'SN006', N'AL002', N'Next To Me', N'Electronic', N'3:22'); INSERT [dbo].[Single] ([singleId], [albumId], [singleName], [genre], [duration]) VALUES (N'SN007', N'AL002', N'Next To Me - Matisse & Sadko Remix', N'Electronic', N'5:02'); INSERT [dbo].[Single] ([singleId], [albumId], [singleName], [genre], [duration]) VALUES (N'SN008', N'AL003', N'Without You', N'Electronic', N'3:07'); INSERT [dbo].[Single] ([singleId], [albumId], [singleName], [genre], [duration]) VALUES (N'SN009', N'AL003', N'Dreams', N'Electronic', N'3:30'); INSERT [dbo].[Single] ([singleId], [albumId], [singleName], [genre], [duration]) VALUES (N'SN010', N'AL003', N'Firestorm', N'Blues', N'3:27'); INSERT [dbo].[Single] ([singleId], [albumId], [singleName], [genre], [duration]) VALUES (N'SN011', N'AL003', N'Forever', N'Electronic', N'3:49'); INSERT [dbo].[Single] ([singleId], [albumId], [singleName], [genre], [duration]) VALUES (N'SN012', N'AL004', N'This Love', N'Hip hop', N'3:27'); INSERT [dbo].[Single] ([singleId], [albumId], [singleName], [genre], [duration]) VALUES (N'SN013', N'AL004', N'Payphone', N'African', N'3:51'); INSERT [dbo].[Single] ([singleId], [albumId], [singleName], [genre], [duration]) VALUES (N'SN014', N'AL004', N'She Will Be Loved', N'African', N'4:14'); INSERT [dbo].[Single] ([singleId], [albumId], [singleName], [genre], [duration]) VALUES (N'SN015', N'AL004', N'One More Night', N'Hip hop', N'3:39'); INSERT [dbo].[Single] ([singleId], [albumId], [singleName], [genre], [duration]) VALUES (N'SN016', N'AL005', N'Maps', N'Pop', N'3:10'); INSERT [dbo].[Single] ([singleId], [albumId], [singleName], [genre], [duration]) VALUES (N'SN017', N'AL005', N'Animals', N'Comedy', N'3:51'); INSERT [dbo].[Single] ([singleId], [albumId], [singleName], [genre], [duration]) VALUES (N'SN018', N'AL005', N'It Was Always You', N'Easy listening', N'4:00'); INSERT [dbo].[Single] ([singleId], [albumId], [singleName], [genre], [duration]) VALUES (N'SN019', N'AL005', N'Unkiss Me', N'Asian', N'3:58'); INSERT [dbo].[Single] ([singleId], [albumId], [singleName], [genre], [duration]) VALUES (N'SN020', N'AL005', N'Sugar', N'Electronic', N'3:55'); INSERT [dbo].[Single] ([singleId], [albumId], [singleName], [genre], [duration]) VALUES (N'SN021', N'AL006', N'Kids', N'Comedy', N'3:58'); INSERT [dbo].[Single] ([singleId], [albumId], [singleName], [genre], [duration]) VALUES (N'SN022', N'AL006', N'Oh My My', N'Electronic', N'3:38'); INSERT [dbo].[Single] ([singleId], [albumId], [singleName], [genre], [duration]) VALUES (N'SN023', N'AL006', N'Let''s Hurt Tonight', N'Country', N'3:14'); INSERT [dbo].[Single] ([singleId], [albumId], [singleName], [genre], [duration]) VALUES (N'SN024', N'AL007', N'Counting Stars', N'Comedy', N'4:17'); INSERT [dbo].[Single] ([singleId], [albumId], [singleName], [genre], [duration]) VALUES (N'SN025', N'AL007', N'If I Lose Myself', N'Jazz', N'4:01'); INSERT [dbo].[Single] ([singleId], [albumId], [singleName], [genre], [duration]) VALUES (N'SN026', N'AL007', N'Something I Need', N'Asian', N'4:01'); INSERT [dbo].[Single] ([singleId], [albumId], [singleName], [genre], [duration]) VALUES (N'SN027', N'AL007', N'Light It Up', N'Folk', N'4:10'); INSERT [dbo].[Single] ([singleId], [albumId], [singleName], [genre], [duration]) VALUES (N'SN028', N'AL008', N'Hello', N'Caribbean', N'4:55'); INSERT [dbo].[Single] ([singleId], [albumId], [singleName], [genre], [duration]) VALUES (N'SN029', N'AL008', N'I Miss You', N'Pop', N'5:49'); INSERT [dbo].[Single] ([singleId], [albumId], [singleName], [genre], [duration]) VALUES (N'SN030', N'AL008', N'Send My Love', N'African', N'3:43'); INSERT [dbo].[Single] ([singleId], [albumId], [singleName], [genre], [duration]) VALUES (N'SN031', N'AL008', N'Remedy', N'Easy listening', N'4:05'); INSERT [dbo].[Single] ([singleId], [albumId], [singleName], [genre], [duration]) VALUES (N'SN032', N'AL008', N'Love in the Dark', N'Comedy', N'4:46'); INSERT [dbo].[Single] ([singleId], [albumId], [singleName], [genre], [duration]) VALUES (N'SN033', N'AL009', N'Alive', N'Country', N'4:23'); INSERT [dbo].[Single] ([singleId], [albumId], [singleName], [genre], [duration]) VALUES (N'SN034', N'AL009', N'Cheap Thrills', N'Comedy', N'3:31'); INSERT [dbo].[Single] ([singleId], [albumId], [singleName], [genre], [duration]) VALUES (N'SN035', N'AL009', N'Unstoppable', N'Comedy', N'3:37'); INSERT [dbo].[Single] ([singleId], [albumId], [singleName], [genre], [duration]) VALUES (N'SN036', N'AL010', N'Nuvole biance', N'Asian', N'5:40'); INSERT [dbo].[Single] ([singleId], [albumId], [singleName], [genre], [duration]) VALUES (N'SN037', N'AL010', N'Taranta', N'Jazz', N'4:21'); INSERT [dbo].[Single] ([singleId], [albumId], [singleName], [genre], [duration]) VALUES (N'SN038', N'AL010', N'Choros', N'Pop', N'5:48'); INSERT [dbo].[Staff] ([staffId], [staffName], [staffDOB], [staffEmail], [staffPassword]) VALUES (N'ST001', N'Andi', CAST(N'1980-12-08' AS Date), N'andi123@musicstr.com', N'andi123'); INSERT [dbo].[Staff] ([staffId], [staffName], [staffDOB], [staffEmail], [staffPassword]) VALUES (N'ST002', N'Budi', CAST(N'1988-08-07' AS Date), N'budi456@musicstr.com', N'budi456'); INSERT [dbo].[Staff] ([staffId], [staffName], [staffDOB], [staffEmail], [staffPassword]) VALUES (N'ST003', N'Susi', CAST(N'1990-07-08' AS Date), N'susi789@musicstr.com', N'susi789'); INSERT [dbo].[Staff] ([staffId], [staffName], [staffDOB], [staffEmail], [staffPassword]) VALUES (N'ST004', N'Udin', CAST(N'1985-03-05' AS Date), N'udin123@musicstr.com', N'udin123'); INSERT [dbo].[Staff] ([staffId], [staffName], [staffDOB], [staffEmail], [staffPassword]) VALUES (N'ST005', N'Tono', CAST(N'1990-08-15' AS Date), N'tono456@musicstr.com', N'tono456'); ALTER TABLE [dbo].[Album] WITH CHECK ADD FOREIGN KEY([artistId]) REFERENCES [dbo].[Artist] ([artistId]) ON UPDATE CASCADE ON DELETE CASCADE; ALTER TABLE [dbo].[DetailTransaction] WITH CHECK ADD FOREIGN KEY([albumId]) REFERENCES [dbo].[Album] ([albumId]) ON UPDATE CASCADE ON DELETE CASCADE; ALTER TABLE [dbo].[DetailTransaction] WITH CHECK ADD FOREIGN KEY([transactionId]) REFERENCES [dbo].[HeaderTransaction] ([transactionId]) ON UPDATE CASCADE ON DELETE CASCADE; ALTER TABLE [dbo].[HeaderTransaction] WITH CHECK ADD FOREIGN KEY([staffId]) REFERENCES [dbo].[Staff] ([staffId]) ON UPDATE CASCADE ON DELETE CASCADE; ALTER TABLE [dbo].[Single] WITH CHECK ADD FOREIGN KEY([albumId]) REFERENCES [dbo].[Album] ([albumId]) ON UPDATE CASCADE ON DELETE CASCADE; USE [master]; 
GO
ALTER DATABASE [MusicStore] SET READ_WRITE ;